title	author	genre	year	link	note
The Hunger Games	Suzanne Collins	Dystopian	2008	https://openlibrary.org/search?q=The+Hunger+Games	Survival and resistance to authoritarian power
1984	George Orwell	Dystopian	1949	https://openlibrary.org/search?q=1984+George+Orwell	Surveillance and the control of truth
Animal Farm	George Orwell	Dystopian	1945	https://openlibrary.org/search?q=Animal+Farm	A political fable about power
Fahrenheit 451	Ray Bradbury	Dystopian	1953	https://openlibrary.org/search?q=Fahrenheit+451	Censorship and the value of books
The Handmaid's Tale	Margaret Atwood	Dystopian	1985	https://openlibrary.org/search?q=The+Handmaids+Tale	Control and resistance in a repressive society
Station Eleven	Emily St. John Mandel	Dystopian	2014	https://openlibrary.org/search?q=Station+Eleven	Art and connection after societal collapse
Part of Your World	Abby Jimenez	Romance	2022	https://openlibrary.org/search?q=Part+of+Your+World+Abby+Jimenez	Romance across very different lives
Yours Truly	Abby Jimenez	Romance	2023	https://openlibrary.org/search?q=Yours+Truly+Abby+Jimenez	An unexpectedly tender workplace romance
Just for the Summer	Abby Jimenez	Romance	2024	https://openlibrary.org/search?q=Just+for+the+Summer+Abby+Jimenez	A dating plan becomes something more
Book Lovers	Emily Henry	Romance	2022	https://openlibrary.org/search?q=Book+Lovers+Emily+Henry	Bookish rivals and small-town romance
Pride and Prejudice	Jane Austen	Historical Fiction	1813	https://openlibrary.org/search?q=Pride+and+Prejudice	A classic period setting with wit and romance
The Nightingale	Kristin Hannah	Historical Fiction	2015	https://openlibrary.org/search?q=The+Nightingale+Kristin+Hannah	Two sisters in occupied France
All the Light We Cannot See	Anthony Doerr	Historical Fiction	2014	https://openlibrary.org/search?q=All+the+Light+We+Cannot+See	Intertwined lives during the Second World War
The Book Thief	Markus Zusak	Historical Fiction	2005	https://openlibrary.org/search?q=The+Book+Thief	Books and human connection in Nazi Germany
The Personal Librarian	Marie Benedict and Victoria Christopher Murray	Historical Fiction	2021	https://openlibrary.org/search?q=The+Personal+Librarian	A librarian navigating identity and opportunity
SPQR	Mary Beard	History	2015	https://openlibrary.org/search?q=SPQR+Mary+Beard	An introduction to ancient Rome
The Warmth of Other Suns	Isabel Wilkerson	History	2010	https://openlibrary.org/search?q=The+Warmth+of+Other+Suns	Personal stories of the Great Migration
The Guns of August	Barbara W. Tuchman	History	1962	https://openlibrary.org/search?q=The+Guns+of+August	The opening of the First World War
The Psychology of Money	Morgan Housel	Personal Finance	2020	https://openlibrary.org/search?q=The+Psychology+of+Money	Understand habits and emotions around money
I Will Teach You to Be Rich	Ramit Sethi	Personal Finance	2009	https://openlibrary.org/search?q=I+Will+Teach+You+to+Be+Rich	Build practical systems for managing money
The Lean Startup	Eric Ries	Startups	2011	https://openlibrary.org/search?q=The+Lean+Startup	Test an idea before investing heavily in it
The Mom Test	Rob Fitzpatrick	Startups	2013	https://openlibrary.org/search?q=The+Mom+Test	Ask better questions when researching an idea
Atomic Habits	James Clear	Self-help	2018	https://openlibrary.org/search?q=Atomic+Habits	Build habits through small repeatable changes
Deep Work	Cal Newport	Self-help	2016	https://openlibrary.org/search?q=Deep+Work+Cal+Newport	Make time for focused work
