title,author,genre,year,status,rating,link
Sunrise on the Reaping,Suzanne Collins,Dystopian,-,finished,5,-
Animal Farm,George Orwell,Dystopian,1945,want-to-read,-,https://openlibrary.org/search?q=Animal+Farm
Of Mice and Men,John Steinbeck,Historical Fiction,-,finished,4,-
Think Again,Adam Grant,Self-help,-,want-to-read,-,-
All the Light We Cannot See,Anthony Doerr,Historical Fiction,2014,want-to-read,-,https://openlibrary.org/search?q=All+the+Light+We+Cannot+See
One Golden Summer,Carley Fortune,Romance,-,finished,4,-
Getting to Yes,Roger Fisher and William Ury,Self-help,-,owned,-,-
The Psychology of Money,Morgan Housel,Personal Finance,2020,want-to-read,-,https://openlibrary.org/search?q=The+Psychology+of+Money
The Book Thief,Markus Zusak,Historical Fiction,2005,want-to-read,-,https://openlibrary.org/search?q=The+Book+Thief
Atomic Habits,James Clear,Self-help,2018,want-to-read,-,https://openlibrary.org/search?q=Atomic+Habits
The Handmaid's Tale,Margaret Atwood,Dystopian,1985,want-to-read,-,https://openlibrary.org/search?q=The+Handmaids+Tale
Part of Your World,Abby Jimenez,Romance,2022,want-to-read,-,https://openlibrary.org/search?q=Part+of+Your+World+Abby+Jimenez
The Lean Startup,Eric Ries,Startups,2011,want-to-read,-,https://openlibrary.org/search?q=The+Lean+Startup
